,City,Cloudiness,Max Temp,Latitutde,Longitude,Humidity,Wind Speed,Country,Date
0,mount gambier,90,41.0,-37.83,140.77,100,3.36,AU,34200
1,butaritari,100,83.19,3.07,172.79,77,15.37,KI,43200
2,hithadhoo,89,83.93,-0.6,73.08,68,6.24,MV,18000
3,albany,68,72.0,42.6,-73.97,39,10.11,US,-14400
4,ketchikan,75,53.6,55.34,-131.65,66,5.82,US,-28800
5,jamestown,1,68.0,42.1,-79.24,48,12.75,US,-14400
6,new norfolk,87,39.0,-42.78,147.06,79,1.99,AU,36000
7,barrow,90,33.8,71.29,-156.79,80,14.99,US,-28800
8,tawang,8,50.83,27.58,91.87,73,3.53,IN,19800
9,kuvandyk,74,59.41,51.48,57.36,49,4.07,RU,18000
10,hami,11,62.28,42.8,93.45,29,8.68,CN,28800
11,anadyr,20,51.8,64.75,177.48,62,4.47,RU,43200
12,rikitea,100,72.97,-23.12,-134.97,92,21.41,PF,-32400
13,hilo,90,81.0,19.73,-155.09,61,6.93,US,-36000
14,diffa,0,90.81,13.32,12.61,19,4.63,NE,3600
15,uaua,42,74.5,-9.84,-39.48,78,11.01,BR,-10800
16,hobart,75,39.2,-42.88,147.33,80,6.93,AU,36000
17,bumba,52,73.96,2.18,22.47,90,2.01,CD,3600
18,manga,74,85.6,11.66,-1.07,53,6.11,BF,0
19,esperance,0,48.2,-33.87,121.9,81,14.99,AU,28800
20,atuona,5,80.76,-9.8,-139.03,76,9.15,PF,-34200
21,kismayo,98,79.48,-0.36,42.55,81,20.02,SO,10800
22,nikolskoye,98,63.0,59.7,30.79,77,4.47,RU,10800
23,carnarvon,0,68.61,-24.87,113.63,38,7.7,AU,28800
24,ushuaia,75,46.4,-54.8,-68.3,42,24.16,AR,-10800
25,mataura,82,41.92,-46.19,168.86,89,4.94,NZ,43200
26,pacific grove,1,64.4,36.62,-121.92,52,17.22,US,-25200
27,quang ngai,96,78.35,15.12,108.8,76,5.21,VN,25200
28,souillac,75,69.8,-20.52,57.52,56,14.99,MU,14400
29,yellowknife,75,64.4,62.46,-114.35,31,20.8,CA,-21600
30,hambantota,100,80.92,6.12,81.12,79,13.87,LK,19800
31,busselton,0,46.99,-33.65,115.33,80,4.83,AU,28800
32,dingle,100,78.53,11.0,122.67,82,3.4,PH,28800
33,saint-philippe,75,68.0,-21.36,55.77,60,17.22,RE,14400
34,kursumlija,71,69.8,43.15,21.27,56,5.82,RS,7200
35,rumoi,100,52.52,43.93,141.64,87,1.36,JP,32400
36,upernavik,100,31.68,72.79,-56.15,92,9.98,GL,-7200
37,ouango,54,73.87,4.31,22.56,75,0.67,CF,7200
38,cape town,0,59.0,-33.93,18.42,93,8.05,ZA,7200
39,bluff,100,48.58,-46.6,168.33,80,23.47,NZ,43200
40,flinders,26,53.01,-34.58,150.86,71,4.0,AU,36000
41,geraldton,0,51.8,-28.77,114.6,71,9.17,AU,28800
42,los llanos de aridane,21,71.6,28.66,-17.92,73,14.99,ES,3600
43,kodiak,90,51.8,57.79,-152.41,71,6.93,US,-28800
44,pevek,91,37.85,69.7,170.31,88,9.04,RU,43200
45,sobolevo,54,63.19,54.43,31.9,92,5.73,RU,10800
46,sarab,0,64.2,38.61,44.99,41,1.14,IR,16200
47,mitsamiouli,13,79.02,-11.38,43.28,71,5.12,KM,10800
48,deer lake,90,55.4,49.17,-57.43,58,17.22,CA,-9000
49,preobrazheniye,18,57.24,42.9,133.91,77,5.57,RU,36000
50,grand gaube,55,68.0,-20.01,57.66,56,8.99,MU,14400
51,darhan,100,50.86,49.49,105.92,58,5.23,MN,28800
52,chegdomyn,47,53.76,51.12,133.02,77,1.83,RU,36000
53,punta arenas,40,41.0,-53.15,-70.92,75,20.8,CL,-10800
54,walvis bay,0,73.4,-22.96,14.51,26,10.29,NA,7200
55,yulara,0,42.8,-25.24,130.99,60,6.93,AU,34200
56,san angelo,1,98.6,31.46,-100.44,23,11.32,US,-18000
57,mar del plata,90,59.0,-38.0,-57.56,100,2.24,AR,-10800
58,bethel,75,73.0,41.37,-73.41,37,10.29,US,-14400
59,cabo san lucas,5,82.0,22.89,-109.91,61,4.7,MX,-21600
60,lebu,54,52.86,-37.62,-73.65,72,11.86,CL,-14400
61,paka,100,77.0,4.64,103.44,94,2.24,MY,28800
62,tuktoyaktuk,20,48.2,69.45,-133.04,66,11.41,CA,-21600
63,ribeira grande,20,64.4,38.52,-28.7,72,6.93,PT,0
64,lavrentiya,0,55.6,65.58,-171.0,42,9.66,RU,43200
65,qaanaaq,0,32.11,77.48,-69.36,87,6.71,GL,-10800
66,avarua,62,77.0,-21.21,-159.78,57,5.82,CK,-36000
67,sidi ali,0,69.31,36.1,0.42,66,15.01,DZ,3600
68,puerto ayora,20,80.6,-0.74,-90.35,65,17.22,EC,-21600
69,baykit,100,48.6,61.67,96.37,74,8.19,RU,25200
70,dikson,30,31.23,73.51,80.55,95,4.52,RU,25200
71,port macquarie,60,48.2,-31.43,152.92,100,3.36,AU,36000
72,tiksi,0,33.37,71.69,128.87,91,9.55,RU,32400
73,lucea,20,88.0,18.45,-78.17,70,17.22,JM,-18000
74,colti,75,69.8,45.38,26.38,52,9.17,RO,10800
75,fortuna,75,60.01,40.6,-124.16,67,11.41,US,-25200
76,charters towers,52,59.45,-20.1,146.27,91,7.18,AU,36000
77,araouane,36,99.63,18.9,-3.53,21,8.23,ML,0
78,inhambane,1,68.34,-23.86,35.38,85,6.53,MZ,7200
79,atar,23,91.62,20.52,-13.05,33,18.97,MR,0
80,cap malheureux,41,68.0,-19.98,57.61,56,8.99,MU,14400
81,olinda,75,80.6,-8.01,-34.86,69,2.24,BR,-10800
82,castro,0,54.68,-24.79,-50.01,77,3.49,BR,-10800
83,afogados da ingazeira,82,77.34,-7.75,-37.64,64,8.05,BR,-10800
84,vaini,90,75.2,-21.2,-175.2,88,10.29,TO,46800
85,kapaa,75,79.0,22.08,-159.32,88,11.41,US,-36000
86,petropavlovsk-kamchatskiy,90,46.4,53.05,158.65,100,4.47,RU,43200
87,arkhangelsk,20,59.0,64.54,40.54,72,2.24,RU,10800
88,uyuni,63,50.13,-20.46,-66.83,46,15.37,BO,-14400
89,severo-kurilsk,100,42.75,50.68,156.12,94,21.07,RU,39600
90,port-gentil,40,80.6,-0.72,8.78,88,10.29,GA,3600
91,kaitangata,38,46.0,-46.28,169.85,64,4.0,NZ,43200
92,bambous virieux,75,69.8,-20.34,57.76,56,14.99,MU,14400
93,iqaluit,90,39.2,63.75,-68.51,85,8.05,CA,-14400
94,acajutla,40,81.0,13.59,-89.83,90,1.99,SV,-21600
95,carutapera,89,78.22,-1.2,-46.02,91,5.19,BR,-10800
96,ferrandina,75,69.8,40.5,16.45,88,8.05,IT,7200
97,andenes,100,46.4,69.31,16.12,93,23.04,NO,7200
98,mahendranagar,0,82.2,28.92,80.33,48,4.68,NP,20700
99,itoman,75,75.2,26.12,127.67,94,3.36,JP,32400
100,leningradskiy,84,40.39,69.38,178.42,76,16.71,RU,43200
101,bayji,0,88.92,34.93,43.49,12,9.37,IQ,10800
102,marica,40,77.0,-22.92,-42.82,83,2.24,BR,-10800
103,polessk,100,59.0,54.86,21.1,87,6.71,RU,7200
104,arraial do cabo,20,75.2,-22.97,-42.03,83,9.17,BR,-10800
105,qaqortoq,100,41.0,60.72,-46.03,80,9.17,GL,-7200
106,port alfred,1,61.0,-33.59,26.89,96,3.0,ZA,7200
107,iskateley,92,64.81,67.68,53.15,76,8.63,RU,10800
108,iralaya,90,80.6,15.0,-83.23,94,13.69,HN,-21600
109,chuy,100,59.97,-33.7,-53.46,91,6.24,UY,-10800
110,praia da vitoria,40,64.4,38.73,-27.07,72,4.97,PT,0
111,khvoynaya,14,60.4,58.9,34.53,76,3.58,RU,10800
112,hermanus,8,57.0,-34.42,19.23,92,3.0,ZA,7200
113,margate,91,54.0,51.38,1.39,91,1.99,GB,3600
114,ilorin,40,78.8,8.5,4.55,94,4.83,NG,3600
115,port hedland,0,55.4,-20.32,118.57,62,8.05,AU,28800
116,tomigusuku,75,75.2,26.18,127.67,94,3.36,JP,32400
117,saskylakh,100,36.46,71.92,114.08,80,12.12,RU,32400
118,muhororo,85,65.23,0.94,30.76,92,1.61,UG,10800
119,nuevo progreso,2,93.99,23.17,-97.95,51,7.0,MX,-18000
120,pandan niog,95,84.7,6.23,120.56,71,6.58,PH,28800
121,pizarro,99,82.62,4.95,-77.37,76,6.51,CO,-18000
122,joshimath,62,58.73,30.57,79.57,47,2.3,IN,19800
123,yarkovo,0,56.79,57.4,67.08,75,4.52,RU,18000
124,mount pleasant,75,82.99,32.79,-79.86,78,13.87,US,-14400
125,chokurdakh,21,60.37,70.63,147.92,46,4.76,RU,39600
126,lazaro cardenas,63,84.85,17.96,-102.2,66,9.24,MX,-18000
127,sao filipe,0,75.97,14.9,-24.5,76,11.45,CV,-3600
128,saint-augustin,0,57.54,51.23,-58.65,43,11.48,CA,-14400
129,lompoc,1,66.2,34.64,-120.46,45,24.16,US,-25200
130,riviere-au-renard,75,60.8,49.0,-64.4,38,8.05,CA,-14400
131,sawtell,40,55.4,-30.38,153.1,87,10.29,AU,36000
132,rio gallegos,100,50.0,-51.62,-69.22,61,3.36,AR,-10800
133,ise,0,66.99,34.48,136.7,96,4.47,JP,32400
134,mahebourg,75,69.8,-20.41,57.7,56,14.99,MU,14400
135,hearst,100,60.93,49.68,-83.67,43,3.0,CA,-14400
136,port elizabeth,0,55.4,-33.92,25.57,93,1.12,ZA,7200
137,victoria,100,84.0,22.29,114.16,83,11.99,HK,28800
138,rafai,60,70.74,4.95,23.92,85,1.72,CF,3600
139,mutare,0,49.73,-18.97,32.67,93,2.21,ZW,7200
140,itarema,27,78.28,-2.92,-39.92,86,10.42,BR,-10800
141,kouroussa,98,78.44,10.65,-9.88,76,4.09,GN,0
142,waipawa,0,44.6,-41.41,175.52,93,5.82,NZ,43200
143,mahina,40,80.6,-17.51,-149.49,57,2.24,PF,-36000
144,nizhniy odes,0,61.52,63.64,54.86,65,2.68,RU,10800
145,torbay,90,57.99,47.67,-52.73,100,3.36,CA,-9000
146,comodoro rivadavia,40,57.2,-45.87,-67.5,33,28.86,AR,-10800
147,naze,75,75.2,28.37,129.48,100,4.7,JP,32400
148,cidreira,98,61.2,-30.18,-50.21,87,8.41,BR,-10800
149,quatre cocos,75,69.8,-20.21,57.76,56,14.99,MU,14400
150,ciudad ojeda,2,86.18,10.2,-71.31,68,5.17,VE,-14400
151,mayo,40,80.01,38.89,-76.51,41,8.05,US,-14400
152,tessalit,87,96.44,20.2,1.01,22,8.84,ML,0
153,robertson,1,91.4,36.52,-86.87,43,6.93,US,-18000
154,mokhotlong,0,37.69,-29.29,29.07,70,1.72,LS,7200
155,tura,29,75.51,25.52,90.22,86,6.15,IN,19800
156,emet,0,59.34,39.34,29.26,71,2.84,TR,10800
157,cockburn town,40,86.0,21.46,-71.14,66,13.87,TC,-14400
158,port hardy,20,59.0,50.7,-127.42,62,18.34,CA,-25200
159,troitskoye,70,49.93,52.98,84.68,94,3.56,RU,25200
160,siyabuswa,0,52.27,-25.11,29.04,46,2.8,ZA,7200
161,amposta,93,60.01,40.71,0.58,84,1.99,ES,7200
162,paso de carrasco,90,59.0,-34.86,-56.05,100,5.82,UY,-10800
163,oum hadjer,0,88.92,13.3,19.7,17,3.71,TD,3600
164,caravelas,2,72.36,-17.71,-39.25,76,4.76,BR,-10800
165,jacareacanga,23,85.23,-6.22,-57.75,66,2.19,BR,-10800
166,san carlos de bariloche,40,44.6,-41.15,-71.31,52,23.04,AR,-10800
167,buraydah,40,95.0,26.33,43.98,26,4.7,SA,10800
168,havre-saint-pierre,20,60.8,50.23,-63.6,41,19.46,CA,-14400
169,saint george,1,81.0,37.1,-113.58,20,12.75,US,-21600
170,narsaq,100,41.0,60.92,-46.05,80,9.17,GL,-7200
171,meridian,75,55.0,43.61,-116.39,62,16.11,US,-21600
172,ilulissat,96,37.4,69.22,-51.1,86,4.7,GL,-7200
173,lagoa,100,62.17,39.05,-27.98,66,6.11,PT,0
174,pangnirtung,75,37.4,66.15,-65.71,86,12.75,CA,-14400
175,gairo,40,75.2,39.85,9.5,44,23.04,IT,7200
176,northam,0,53.01,51.03,-4.22,86,4.0,GB,3600
177,bonthe,100,79.74,7.53,-12.51,83,6.76,SL,0
178,saldanha,0,57.2,-33.01,17.94,82,2.24,ZA,7200
179,laguna,1,73.99,38.42,-121.42,24,8.05,US,-25200
180,vostok,48,50.9,46.49,135.88,96,2.93,RU,36000
181,porto novo,20,82.4,6.5,2.6,83,6.93,BJ,3600
182,vardo,40,50.0,70.37,31.11,81,19.46,NO,7200
183,airai,77,54.72,-8.93,125.41,94,2.77,TL,32400
184,vilhena,40,84.2,-12.74,-60.15,66,5.82,BR,-14400
185,lufilufi,7,78.01,-13.87,-171.6,88,8.01,WS,46800
186,dawei,100,79.18,14.08,98.2,87,8.75,MM,23400
187,mayna,0,55.4,54.11,47.62,91,2.66,RU,14400
188,sorland,75,46.4,67.67,12.69,93,8.05,NO,7200
189,worland,20,75.2,44.02,-107.96,16,8.95,US,-21600
190,talnakh,0,33.8,69.49,88.4,80,20.13,RU,25200
191,kuytun,37,44.58,54.34,101.5,77,12.35,RU,28800
192,haines junction,100,50.2,60.75,-137.51,79,2.64,CA,-25200
193,sur,10,82.72,22.57,59.53,80,13.78,OM,14400
194,manokwari,89,79.47,-0.87,134.08,75,5.01,ID,32400
195,muridke,0,80.6,31.8,74.26,78,5.01,PK,18000
196,jumla,46,54.41,29.27,82.18,69,0.6,NP,20700
197,antsohihy,0,69.22,-14.88,47.99,65,8.34,MG,10800
198,namibe,25,72.28,-15.2,12.15,60,4.61,AO,3600
199,kaseda,100,70.32,31.42,130.32,80,6.26,JP,32400
200,goderich,100,55.0,43.75,-81.72,77,14.52,CA,-14400
201,lakes entrance,3,42.01,-37.88,147.98,89,6.87,AU,36000
202,mingaora,0,72.55,34.78,72.36,60,4.9,PK,18000
203,hay river,75,46.4,60.82,-115.8,70,8.05,CA,-21600
204,ahipara,70,54.46,-35.17,173.17,68,5.75,NZ,43200
205,rincon,90,82.4,32.3,-81.24,74,10.29,US,-14400
206,paldiski,54,59.0,59.36,24.05,87,3.36,EE,10800
207,piltene,75,55.4,57.22,21.67,87,1.12,LV,10800
208,champerico,40,89.6,14.3,-91.92,62,9.17,GT,-21600
209,waddan,0,86.49,29.16,16.14,17,11.18,LY,7200
210,manjeshwar,75,77.0,12.72,74.89,88,5.82,IN,19800
211,tolaga bay,0,50.7,-38.37,178.3,59,3.89,NZ,43200
212,norman wells,75,71.6,65.28,-126.83,28,19.46,CA,-21600
213,kahului,40,80.6,20.89,-156.47,61,14.99,US,-36000
214,mombetsu,96,51.01,44.35,143.35,86,1.99,JP,32400
215,ashland,1,77.0,40.82,-82.27,36,11.41,US,-14400
216,laibin,100,77.0,23.7,109.27,94,5.55,CN,28800
217,boa vista,40,84.2,2.82,-60.67,62,5.82,BR,-14400
218,patacamaya,49,57.09,-17.23,-67.92,37,2.51,BO,-14400
219,varhaug,75,50.0,58.61,5.65,76,14.99,NO,7200
220,cherskiy,86,58.23,68.75,161.3,45,5.14,RU,39600
221,miguel hidalgo,75,82.0,19.42,-99.2,26,6.93,MX,-18000
222,thinadhoo,41,84.11,0.53,72.93,70,5.35,MV,18000
223,labuhan,13,76.5,-6.88,112.21,87,6.4,ID,25200
224,salalah,20,84.2,17.02,54.09,94,5.82,OM,14400
225,tuatapere,80,44.04,-46.13,167.68,83,6.35,NZ,43200
226,san patricio,40,86.0,19.22,-104.7,74,17.22,MX,-18000
227,dongkan,0,68.95,34.0,119.83,81,7.4,CN,28800
228,isiro,23,69.37,2.77,27.62,91,1.66,CD,7200
229,mutis,98,82.22,6.23,-77.4,76,5.32,CO,-18000
230,zhigansk,0,59.34,66.77,123.37,58,9.44,RU,32400
231,nanortalik,100,38.41,60.14,-45.24,91,3.44,GL,-7200
232,san quintin,0,70.0,30.48,-115.95,61,20.69,MX,-25200
233,whitehorse,90,53.6,60.72,-135.05,81,4.7,CA,-25200
234,gazli,92,77.61,40.13,63.45,23,9.44,UZ,18000
235,buenaventura,77,81.63,3.88,-77.03,85,4.5,CO,-18000
236,makinsk,52,58.69,52.63,70.42,55,1.57,KZ,21600
237,saint-denis,29,60.8,48.92,2.33,59,3.36,FR,7200
238,georgetown,20,78.8,5.41,100.34,94,3.36,MY,28800
239,presque isle,90,59.0,46.68,-68.02,62,10.29,US,-14400
240,ome,75,66.2,35.78,139.24,82,3.36,JP,32400
241,hovd,4,47.39,48.01,91.64,52,1.74,MN,25200
242,pisco,31,68.0,-13.7,-76.22,72,17.22,PE,-18000
243,grindavik,90,48.2,63.84,-22.43,87,25.28,IS,0
244,saint-junien,77,54.0,45.88,0.9,71,5.82,FR,7200
245,broken hill,0,35.6,-31.95,141.43,93,4.7,AU,34200
246,mogadishu,33,79.12,2.04,45.34,85,16.55,SO,10800
247,new york,75,80.6,40.71,-74.01,29,3.36,US,-14400
248,chicama,5,74.43,-7.84,-79.15,59,9.51,PE,-18000
249,praya,20,77.0,14.92,-23.51,69,18.34,CV,-3600
250,coahuayana,75,82.4,18.73,-103.68,69,11.41,MX,-18000
251,talcahuano,20,55.4,-36.72,-73.12,76,9.17,CL,-14400
252,acarau,45,79.03,-2.89,-40.12,84,10.13,BR,-10800
253,cayenne,90,80.6,4.93,-52.33,83,3.36,GF,-10800
254,alofi,40,78.8,-19.06,-169.92,83,4.7,NU,-39600
255,vao,100,70.79,-22.67,167.48,72,18.41,NC,39600
256,riverton,75,54.0,40.52,-111.94,81,4.7,US,-21600
257,atambua,48,67.62,-9.11,124.89,79,4.52,ID,28800
258,port lincoln,92,52.56,-34.73,135.87,64,7.47,AU,34200
259,manzhouli,97,56.75,49.6,117.43,66,17.78,CN,28800
260,auki,46,79.9,-8.77,160.7,81,0.98,SB,39600
261,sainte-anne-des-monts,1,54.39,49.12,-66.49,47,4.0,CA,-14400
262,umm lajj,0,86.9,25.02,37.27,36,3.44,SA,10800
263,capitan miranda,0,73.4,-27.2,-55.8,73,3.36,PY,-14400
264,jaltenango,29,85.98,15.87,-92.72,56,2.64,MX,-18000
265,puerto madero,75,89.6,14.72,-92.42,62,11.41,MX,-18000
266,oussouye,0,87.8,12.48,-16.55,62,9.17,SN,0
267,pasni,30,83.55,25.26,63.47,85,6.87,PK,18000
268,la rioja,20,53.6,42.25,-2.5,71,6.93,ES,7200
269,ordzhonikidze,0,62.6,52.44,61.74,45,5.79,KZ,21600
270,umea,64,50.0,63.83,20.26,87,11.41,SE,7200
271,bontang,93,76.51,0.13,117.5,88,7.05,ID,28800
272,kenai,20,57.2,60.55,-151.26,66,6.93,US,-28800
273,noumea,100,60.8,-22.28,166.46,87,2.24,NC,39600
274,samarai,90,77.99,-10.62,150.67,81,15.3,PG,36000
275,mocuba,4,61.81,-16.84,36.99,98,3.51,MZ,7200
276,egvekinot,96,49.23,66.32,-179.17,63,4.54,RU,43200
277,ekuvukeni,0,51.3,-28.47,30.16,47,2.64,ZA,7200
278,maniitsoq,100,38.82,65.42,-52.9,93,6.85,GL,-7200
279,tasiilaq,100,42.8,65.61,-37.64,75,27.51,GL,-7200
280,lorengau,0,82.27,-2.02,147.27,71,8.08,PG,36000
281,itaituba,20,93.2,-4.28,-55.98,52,5.82,BR,-10800
282,dvubratskiy,0,73.99,45.24,39.8,53,8.95,RU,10800
283,kavieng,7,82.96,-2.57,150.8,69,6.38,PG,36000
284,chapais,40,57.2,49.78,-74.85,44,14.99,CA,-14400
285,balangiga,100,79.43,11.11,125.39,82,3.06,PH,28800
286,khatanga,100,35.87,71.97,102.5,78,11.45,RU,25200
287,soe,93,60.6,-9.86,124.28,87,3.67,ID,28800
288,ekibastuz,10,61.16,51.67,75.37,57,4.79,KZ,21600
289,adrar,0,98.76,20.5,-10.07,20,13.4,MR,0
290,nishihara,75,75.2,26.18,127.76,94,19.48,JP,32400
291,ode,44,73.06,7.79,5.71,91,5.59,NG,3600
292,kohlu,0,79.16,29.9,69.25,46,2.33,PK,18000
293,pangody,100,44.67,65.85,74.49,89,14.25,RU,18000
294,diu,0,84.09,20.71,70.98,79,12.66,IN,19800
295,aksarka,31,48.69,66.56,67.8,88,10.0,RU,18000
296,caucaia,75,80.6,-3.74,-38.65,74,8.05,BR,-10800
297,nevel,100,63.91,56.02,29.93,91,5.97,RU,10800
298,beisfjord,100,46.4,68.38,17.6,93,40.26,NO,7200
299,pospelikha,49,54.21,51.95,81.77,83,4.29,RU,25200
300,vic,97,55.0,41.93,2.25,97,0.47,ES,7200
301,sao gabriel da cachoeira,20,84.2,-0.13,-67.09,74,2.24,BR,-14400
302,taseyevo,41,45.61,57.22,94.9,85,7.34,RU,25200
303,conceicao da barra,21,71.6,-18.59,-39.73,80,4.34,BR,-10800
304,south bradenton,20,90.0,27.46,-82.58,66,23.04,US,-14400
305,katangli,100,42.82,51.71,143.23,94,8.93,RU,39600
306,acapulco,40,86.0,16.86,-99.89,70,5.82,MX,-18000
307,rochefort,40,59.0,45.92,-1.0,72,11.41,FR,7200
308,zhmerynka,23,62.01,49.04,28.11,78,6.64,UA,10800
309,sokoni,75,80.6,-6.43,39.55,78,9.17,TZ,10800
310,hisor,40,75.2,38.52,68.55,50,6.71,TJ,18000
311,provideniya,20,57.2,64.38,-173.3,58,2.24,RU,43200
312,clyde river,75,32.0,70.47,-68.59,94,20.8,CA,-14400
313,muros,0,57.0,42.78,-9.06,70,1.99,ES,7200
314,mehamn,40,46.4,71.04,27.85,81,18.34,NO,7200
315,arosa,20,42.01,46.78,9.68,100,1.12,CH,7200
316,karasburg,0,62.37,-28.02,18.75,30,12.21,NA,7200
317,farafangana,95,66.67,-22.82,47.83,80,10.92,MG,10800
318,ixtapa,75,81.0,20.7,-105.2,74,10.29,MX,-18000
319,cabinda,94,76.19,-5.55,12.2,85,6.22,AO,3600
320,ribeiropolis,20,82.4,-10.54,-37.42,74,8.05,BR,-10800
321,paamiut,100,40.06,61.99,-49.67,94,5.99,GL,-7200
322,astana,6,64.0,51.18,71.45,62,4.47,KZ,21600
323,chiredzi,3,56.35,-21.05,31.67,88,3.96,ZW,7200
324,majene,98,76.98,-3.54,118.97,85,4.47,ID,28800
325,skjervoy,92,48.63,70.03,20.97,87,11.36,NO,7200
326,svetlogorsk,1,62.76,52.63,29.73,91,7.18,BY,10800
327,longyearbyen,75,42.8,78.22,15.64,75,18.34,SJ,7200
328,viransehir,42,81.05,37.24,39.76,17,5.95,TR,10800
329,coquimbo,40,57.2,-29.95,-71.34,71,4.7,CL,-14400
330,ponta delgada,75,64.4,37.73,-25.67,72,6.93,PT,0
331,hongjiang,77,73.36,27.11,110.0,92,1.23,CN,28800
332,luderitz,0,57.2,-26.65,15.16,76,1.12,NA,7200
333,thompson,90,51.8,55.74,-97.86,66,12.75,CA,-18000
334,port augusta,37,37.99,-32.5,137.77,81,4.7,AU,34200
335,rockport,1,93.99,28.02,-97.05,59,9.17,US,-18000
336,faya,79,73.4,18.39,42.45,49,0.31,SA,10800
337,port blair,100,82.04,11.67,92.75,82,16.11,IN,19800
338,qostanay,0,59.0,53.17,63.58,54,7.31,KZ,21600
339,turki,41,63.97,51.99,43.27,90,3.76,RU,14400
340,cheney,90,60.01,47.49,-117.58,51,10.29,US,-25200
341,polyarnyy,75,55.4,69.2,33.45,58,6.71,RU,10800
342,camana,73,67.24,-16.62,-72.71,72,6.44,PE,-18000
343,prince rupert,75,51.8,54.32,-130.32,71,9.17,CA,-25200
344,alihe,100,59.31,50.57,123.72,94,2.24,CN,28800
345,necochea,86,54.0,-38.55,-58.74,97,1.99,AR,-10800
346,imbituba,77,69.8,-28.24,-48.67,68,6.93,BR,-10800
347,praia,20,77.0,14.92,-23.51,69,18.34,CV,-3600
348,brunico,75,57.2,46.8,11.94,82,5.82,IT,7200
349,villarrica,6,63.03,-25.75,-56.43,81,3.49,PY,-14400
350,saeby,40,48.0,57.33,10.52,94,9.53,DK,7200
351,pochutla,93,86.0,15.74,-96.47,71,8.01,MX,-18000
352,ust-barguzin,35,42.78,53.45,108.98,86,10.76,RU,28800
353,katsuura,75,69.01,35.13,140.3,86,3.0,JP,32400
354,hohhot,40,69.8,40.81,111.65,49,4.47,CN,28800
355,codrington,44,44.76,-38.27,141.97,75,5.39,AU,36000
356,matara,100,79.02,5.95,80.54,88,7.96,LK,19800
357,richards bay,13,64.99,-28.78,32.04,90,9.51,ZA,7200
358,rapid valley,1,87.01,44.06,-103.15,23,8.05,US,-21600
359,westport,75,75.2,41.14,-73.36,31,19.46,US,-14400
360,rovinari,35,60.71,44.92,23.18,84,4.07,RO,10800
361,el alto,10,68.5,-4.27,-81.21,77,13.49,PE,-18000
362,angoche,47,69.69,-16.23,39.91,79,5.53,MZ,7200
363,eurajoki,92,55.4,61.2,21.73,58,8.05,FI,10800
364,maiduguri,26,93.6,11.85,13.16,25,9.24,NG,3600
365,bathsheba,40,84.2,13.22,-59.52,70,14.99,BB,-14400
366,ladushkin,87,59.0,54.57,20.17,87,6.71,RU,7200
367,utete,17,69.28,-7.99,38.76,94,2.33,TZ,10800
368,liverpool,94,57.99,53.41,-2.98,87,6.93,GB,3600
369,rochelle,40,59.0,46.25,-1.0,72,11.41,FR,7200
370,kamnik,75,62.01,46.23,14.61,93,2.24,SI,7200
371,gilgit,0,74.53,35.92,74.31,23,0.94,PK,18000
372,alice springs,100,35.6,-23.7,133.88,74,1.12,AU,34200
373,guerrero negro,0,72.21,27.98,-114.06,56,22.66,MX,-21600
374,rawson,0,54.1,-43.3,-65.1,40,8.43,AR,-10800
375,vangaindrano,78,65.23,-23.35,47.6,83,8.1,MG,10800
376,buenos aires,90,61.0,-34.61,-58.38,87,2.24,AR,-10800
377,lubao,75,80.6,14.92,120.55,78,2.24,PH,28800
378,belaya gora,1,68.63,68.53,146.42,36,10.47,RU,39600
379,muisne,75,82.4,0.6,-80.03,83,9.17,EC,-18000
380,zwedru,100,74.12,6.07,-8.13,96,2.53,LR,0
381,kindu,76,74.82,-2.95,25.95,65,0.72,CD,7200
382,karabash,0,55.11,55.48,60.22,73,2.91,RU,18000
383,jalalabad,1,84.2,34.43,70.45,58,3.36,AF,16200
384,kurkino,98,64.69,53.43,38.66,92,4.12,RU,10800
385,bredasdorp,13,51.8,-34.53,20.04,93,1.12,ZA,7200
386,mega,52,59.23,4.05,38.3,100,16.13,ET,10800
387,karratha,0,66.7,-20.74,116.85,32,8.5,AU,28800
388,asau,79,57.99,46.43,26.4,84,3.89,RO,10800
389,kununurra,90,73.4,-15.77,128.73,48,6.93,AU,28800
390,yeppoon,41,63.79,-23.13,150.73,81,7.87,AU,36000
391,isangel,75,73.4,-19.55,169.27,94,15.9,VU,39600
392,sao felix do xingu,2,79.5,-6.64,-51.99,74,3.24,BR,-10800
393,klaksvik,75,42.8,62.23,-6.59,70,6.93,FO,3600
394,agaro,99,60.91,7.85,36.65,87,1.79,ET,10800
395,kontagora,85,83.34,10.4,5.47,65,3.44,NG,3600
396,panguna,48,72.01,-6.32,155.48,93,0.63,PG,39600
397,pyapon,100,80.38,16.28,95.68,85,7.9,MM,23400
398,bardiyah,69,67.28,31.76,25.09,85,8.23,LY,7200
399,kavaratti,99,84.18,10.57,72.64,74,11.32,IN,19800
400,broome,40,68.0,42.25,-75.83,42,12.75,US,-14400
401,aklavik,75,57.2,68.22,-135.01,67,8.05,CA,-21600
402,damghan,0,65.7,36.17,54.35,42,6.11,IR,16200
403,novyy urengoy,100,44.82,66.08,76.63,74,7.56,RU,18000
404,watsa,18,65.23,3.04,29.54,98,1.61,CD,7200
405,rybinsk,0,61.27,58.04,38.84,94,4.79,RU,10800
406,homer,1,54.0,59.64,-151.55,76,12.75,US,-28800
407,tromso,75,48.2,69.65,18.96,87,21.92,NO,7200
408,safaga,0,87.8,26.73,33.94,33,2.24,EG,7200
409,douglas,1,95.0,41.3,-96.17,36,16.11,US,-18000
410,ayorou,6,95.32,14.73,0.92,34,17.07,NE,3600
411,vila franca do campo,75,64.4,37.72,-25.43,72,6.93,PT,0
412,kerman,0,77.0,30.28,57.08,27,4.7,IR,16200
413,chulakivka,2,65.86,46.36,32.35,73,8.66,UA,10800
414,sterling,20,81.0,39.01,-77.43,32,11.41,US,-14400
415,tarakan,99,79.0,3.3,117.63,85,7.11,ID,28800
416,barcelona,75,64.4,41.39,2.16,88,4.7,ES,7200
417,vrangel,54,56.8,42.73,133.08,83,2.04,RU,36000
418,cururupu,71,78.49,-1.83,-44.87,82,3.56,BR,-10800
419,nemuro,62,49.08,43.32,145.57,88,6.6,JP,32400
420,illapel,99,60.98,-31.63,-71.17,45,3.0,CL,-14400
421,kamen-na-obi,77,54.18,53.79,81.34,89,6.55,RU,25200
422,grand forks,40,91.4,47.93,-97.03,46,19.46,US,-18000
423,mount isa,0,59.0,-20.73,139.5,42,8.05,AU,36000
424,ucluelet,20,59.0,48.93,-125.55,72,19.46,CA,-25200
425,monrovia,100,79.63,6.3,-10.8,81,6.17,LR,0
426,bonavista,100,45.0,48.65,-53.11,82,1.99,CA,-9000
427,henderson,1,84.2,36.04,-114.98,8,14.99,US,-25200
428,monte escobedo,37,82.24,22.3,-103.58,28,6.17,MX,-18000
429,mahanje,45,58.91,-9.93,35.33,86,2.15,TZ,10800
430,leh,94,51.73,34.17,77.58,44,2.55,IN,19800
431,cumaral,40,87.8,4.27,-73.49,58,5.82,CO,-18000
432,hamilton,1,84.0,39.18,-84.53,39,10.29,US,-14400
433,marzuq,0,84.51,14.4,46.47,27,1.9,YE,10800
434,mao,75,64.4,39.89,4.27,82,12.75,ES,7200
435,russell,40,86.0,32.35,-85.2,62,6.93,US,-18000
436,houma,90,79.0,29.6,-90.72,100,14.99,US,-18000
437,sikonge,51,66.87,-5.63,32.77,59,3.87,TZ,10800
438,kragujevac,40,68.0,44.02,20.92,100,3.76,RS,7200
439,puyo,40,87.8,-1.47,-77.98,48,6.93,EC,-18000
440,ust-nera,63,61.16,64.57,143.2,41,2.95,RU,36000
441,kaeo,37,48.0,-35.1,173.78,3,1.99,NZ,43200
442,emilio carranza,6,86.4,19.97,-96.61,65,10.69,MX,-18000
443,ahuimanu,90,84.2,21.44,-157.84,62,10.29,US,-36000
444,lithgow,97,39.99,-33.48,150.15,91,2.73,AU,36000
445,boyolangu,98,75.02,-8.12,111.89,89,3.49,ID,25200
446,churapcha,0,55.15,62.0,132.43,64,13.35,RU,32400
447,wattegama,100,78.28,6.8,81.48,75,3.98,LK,19800
448,progreso,40,96.8,21.28,-89.67,41,5.82,MX,-18000
449,aswan,0,92.26,24.09,32.91,13,10.71,EG,7200
450,neiafu,75,77.0,-18.65,-173.98,94,2.39,TO,46800
451,asyut,0,93.2,27.18,31.18,28,9.17,EG,7200
452,abu samrah,24,77.9,35.3,37.18,37,9.51,SY,10800
453,soure,81,80.96,-0.72,-48.52,84,8.03,BR,-10800
454,sitka,90,48.2,57.05,-135.33,87,9.17,US,-28800
455,kirensk,73,47.98,57.79,108.11,95,4.7,RU,28800
456,cortez,1,80.6,37.35,-108.59,15,26.4,US,-21600
457,kerrville,1,93.2,30.05,-99.14,38,3.36,US,-18000
458,east london,0,69.28,-33.02,27.91,35,6.15,ZA,7200
459,elizabethtown,1,86.0,37.69,-85.86,35,12.75,US,-14400
460,grand-lahou,100,79.21,5.14,-5.02,82,5.91,CI,0
461,kyra,100,45.68,49.58,111.98,76,5.21,RU,32400
462,ostrovnoy,0,55.11,68.05,39.51,55,16.64,RU,10800
463,shingu,0,65.41,33.73,135.98,76,4.36,JP,32400
464,faanui,9,78.26,-16.48,-151.75,63,7.09,PF,-36000
465,avera,90,84.2,33.19,-82.53,74,6.93,US,-14400
466,college,20,70.0,64.86,-147.8,39,2.19,US,-28800
467,husavik,75,53.6,66.04,-17.34,50,4.7,IS,0
468,ongole,93,90.82,15.5,80.05,50,9.4,IN,19800
469,zalantun,100,64.02,48.0,122.72,89,2.8,CN,28800
470,formosa,27,75.2,-26.18,-58.18,50,6.93,AR,-10800
471,stornoway,100,46.4,58.21,-6.39,61,8.05,GB,3600
472,popova,90,60.8,42.96,131.72,87,6.71,RU,36000
473,la macarena,28,84.13,2.18,-73.78,81,1.79,CO,-18000
474,koumac,100,70.27,-20.57,164.28,77,7.05,NC,39600
475,kharsia,28,86.99,21.97,83.12,45,2.1,IN,19800
476,whithorn,40,88.0,18.26,-78.04,74,17.22,JM,-18000
477,nyurba,97,60.53,63.28,118.33,57,10.71,RU,32400
478,ponta do sol,40,66.2,32.67,-17.1,77,21.92,PT,3600
479,ambon,100,79.0,-3.7,128.18,100,13.73,ID,32400
480,bengkulu,53,76.55,-3.8,102.27,81,4.99,ID,25200
481,namikupa,0,63.37,-10.83,39.6,95,2.57,TZ,10800
482,kupang,84,72.81,-10.17,123.58,73,5.93,ID,28800
483,mahibadhoo,62,83.57,3.78,72.97,74,8.14,MV,18000
484,lasa,90,42.8,46.62,10.7,93,5.82,IT,7200
485,quelimane,0,65.03,-17.88,36.89,94,3.67,MZ,7200
486,bayir,0,64.4,37.27,28.22,82,2.24,TR,10800
487,penzance,2,54.0,50.12,-5.54,81,10.29,GB,3600
488,gurlan,100,62.6,41.84,60.39,67,6.93,UZ,18000
489,hasaki,75,66.2,35.73,140.83,88,4.7,JP,32400
490,zyryanka,25,69.82,65.75,150.85,34,11.18,RU,39600
491,vila velha,75,75.99,-20.33,-40.29,83,6.93,BR,-10800
492,sovetskiy,0,64.06,61.36,63.58,53,6.8,RU,18000
493,rio grande,75,60.8,-32.03,-52.1,93,3.36,BR,-10800
494,bubaque,43,80.06,11.28,-15.83,82,13.65,GW,0
495,intipuca,46,86.4,13.2,-88.05,68,5.26,SV,-21600
496,taksimo,64,48.63,56.34,114.88,80,4.12,RU,28800
497,aldine,40,95.0,29.93,-95.38,49,16.11,US,-18000
498,verkhnevilyuysk,83,59.68,63.45,120.32,59,10.31,RU,32400
499,kruisfontein,0,54.46,-34.0,24.73,79,1.1,ZA,7200
500,pervomayskoye,0,60.91,43.92,46.71,72,8.34,RU,10800
501,nantucket,90,64.99,41.28,-70.1,72,13.87,US,-14400
502,tezu,6,73.44,27.92,96.17,74,3.69,IN,19800
503,caborca,0,91.99,30.58,-111.1,31,3.0,MX,-25200
504,kyren,97,42.28,51.68,102.14,69,1.45,RU,28800
505,marystown,100,49.42,47.17,-55.15,98,14.2,CA,-9000
506,abha,64,71.6,18.22,42.51,52,0.96,SA,10800
507,camacha,20,66.2,33.08,-16.33,72,12.75,PT,3600
508,saint-ambroise,75,64.99,48.55,-71.33,42,18.34,CA,-14400
509,kaduna,100,73.29,10.52,7.44,81,4.16,NG,3600
510,raudeberg,55,44.01,61.99,5.14,81,17.07,NO,7200
511,veraval,0,84.9,20.9,70.37,78,9.64,IN,19800
512,namatanai,25,80.47,-3.67,152.43,75,3.58,PG,36000
513,shu,100,68.0,43.6,73.76,46,5.99,KZ,21600
514,doha,0,102.2,25.29,51.53,9,13.87,QA,10800
515,seminole,100,84.99,28.71,-81.21,85,6.73,US,-14400
516,oktyabrskiy,100,58.12,54.48,53.47,94,5.19,RU,18000
517,ujhani,1,90.84,28.02,79.02,32,3.67,IN,19800
518,killybegs,90,51.8,54.63,-8.45,87,9.17,IE,3600
519,popondetta,31,73.53,-8.75,148.25,92,2.04,PG,36000
520,dubbo,0,37.4,-32.25,148.62,86,12.75,AU,36000
521,dauphin,20,69.8,51.15,-100.05,77,24.16,CA,-18000
522,touros,40,77.0,-5.2,-35.46,94,5.82,BR,-10800
523,mlimba,52,70.36,-8.8,35.82,70,1.81,TZ,10800
524,buinsk,28,62.6,54.95,48.28,77,2.24,RU,10800
525,sao joao da barra,27,75.2,-21.64,-41.05,83,13.87,BR,-10800
526,the valley,40,87.8,18.22,-63.06,74,11.41,AI,-14400
527,constitucion,76,54.68,-35.33,-72.42,85,3.67,CL,-14400
528,kurakh,29,54.79,41.58,47.78,64,7.74,RU,10800
529,big bend,0,57.2,-26.82,31.93,93,3.36,SZ,7200
530,micheweni,21,78.66,-4.97,39.83,79,15.79,TZ,10800
531,rodrigues alves,40,87.8,-7.74,-72.65,58,2.24,BR,-18000
532,foggia,84,68.0,41.45,15.53,77,5.82,IT,7200
533,vestmannaeyjar,100,47.95,63.44,-20.27,81,19.57,IS,0
534,bin qirdan,41,92.88,33.14,11.22,18,18.28,TN,3600
535,santa elena,40,78.8,-2.23,-80.85,74,13.87,EC,-18000
536,presidencia roque saenz pena,74,71.01,-26.79,-60.44,55,1.99,AR,-10800
537,presidente venceslau,10,68.45,-21.88,-51.84,82,4.09,BR,-10800
538,damietta,0,75.2,31.42,31.81,73,3.36,EG,7200
539,ulaangom,100,50.16,49.98,92.07,57,6.93,MN,25200
540,darnah,100,67.55,32.77,22.64,85,7.96,LY,7200
541,kota belud,20,73.4,6.35,116.43,88,6.93,MY,28800
542,bentiu,100,79.23,9.23,29.83,68,8.68,SS,10800
543,lusambo,45,76.37,-4.97,23.45,52,1.72,CD,7200
544,gurupa,93,79.39,-1.41,-51.64,90,2.19,BR,-10800
545,dyurtyuli,100,60.22,55.49,54.87,89,8.93,RU,18000
546,saint anthony,1,86.0,45.02,-93.22,45,19.46,US,-18000
